{
	"info": {
		"_postman_id": "42d3030f-95ae-44a3-803a-71a10c5e2229",
		"name": "samsurinorderonline_master_api",
		"schema": "https://schema.getpostman.com/json/collection/v2.1.0/collection.json",
		"_exporter_id": "17019241"
	},
	"item": [
		{
			"name": "login",
			"event": [
				{
					"listen": "test",
					"script": {
						"exec": [
							"\r",
							"\r",
							"pm.test(\"set auth\", function () {\r",
							"    var jsonData = pm.response.json();\r",
							"    pm.environment.set(\"authorization\", jsonData.token);\r",
							"});"
						],
						"type": "text/javascript"
					}
				}
			],
			"request": {
				"method": "POST",
				"header": [],
				"body": {
					"mode": "raw",
					"raw": "{\r\n  \"loginid\": \"E01033\",\r\n  \"password\": \"E01033SS\"\r\n}",
					"options": {
						"raw": {
							"language": "json"
						}
					}
				},
				"url": {
					"raw": "{{MASTER_URL}}/api/login",
					"host": [
						"{{MASTER_URL}}"
					],
					"path": [
						"api",
						"login"
					]
				}
			},
			"response": [
				{
					"name": "login",
					"originalRequest": {
						"method": "POST",
						"header": [],
						"body": {
							"mode": "raw",
							"raw": "{\r\n  \"loginid\": \"003\",\r\n  \"password\": \"123456\"\r\n}",
							"options": {
								"raw": {
									"language": "json"
								}
							}
						},
						"url": {
							"raw": "{{MASTER_URL}}/api/login",
							"host": [
								"{{MASTER_URL}}"
							],
							"path": [
								"api",
								"login"
							]
						}
					},
					"status": "OK",
					"code": 200,
					"_postman_previewlanguage": "json",
					"header": [
						{
							"key": "content-type",
							"value": "application/json"
						},
						{
							"key": "content-length",
							"value": "322"
						},
						{
							"key": "access-control-allow-origin",
							"value": "*"
						},
						{
							"key": "vary",
							"value": "origin"
						},
						{
							"key": "vary",
							"value": "access-control-request-method"
						},
						{
							"key": "vary",
							"value": "access-control-request-headers"
						},
						{
							"key": "access-control-expose-headers",
							"value": "*"
						},
						{
							"key": "date",
							"value": "Fri, 30 Dec 2022 11:27:22 GMT"
						}
					],
					"cookie": [],
					"body": "{\n    \"token\": \"eyJ0eXAiOiJKV1QiLCJhbGciOiJIUzI1NiJ9.eyJsb2dpbmlkIjoiMDAzIiwidXNlcmlkIjo0NTAsInVzZXJuYW1lIjoiTmF2aW4iLCJlbXBjb2RlIjoiMDAzIiwiZXhwIjoxNjcyNDM1NjQyfQ.vRI2QsF9F-QhFs0C54yx8KxuJOlK2a547hiyRmP7XyI\",\n    \"user\": {\n        \"empcode\": \"003\",\n        \"userid\": 450,\n        \"username\": \"Navin\",\n        \"usershortname\": \"N              \",\n        \"usertype\": \"Order Taken By\"\n    }\n}"
				}
			]
		},
		{
			"name": "get_orderseries_details",
			"request": {
				"method": "POST",
				"header": [],
				"body": {
					"mode": "raw",
					"raw": "{\r\n  \"salestrip\": \"NL BE NOV - DEC 2022\"\r\n}",
					"options": {
						"raw": {
							"language": "json"
						}
					}
				},
				"url": {
					"raw": "{{MASTER_URL}}/api/orderseries/details",
					"host": [
						"{{MASTER_URL}}"
					],
					"path": [
						"api",
						"orderseries",
						"details"
					]
				}
			},
			"response": [
				{
					"name": "get_orderseries_details",
					"originalRequest": {
						"method": "POST",
						"header": [],
						"body": {
							"mode": "raw",
							"raw": "{\r\n  \"salestrip\": \"NL BE NOV - DEC 2022\"\r\n}",
							"options": {
								"raw": {
									"language": "json"
								}
							}
						},
						"url": {
							"raw": "{{MASTER_URL}}/api/orderseries/details",
							"host": [
								"{{MASTER_URL}}"
							],
							"path": [
								"api",
								"orderseries",
								"details"
							]
						}
					},
					"status": "OK",
					"code": 200,
					"_postman_previewlanguage": "json",
					"header": [
						{
							"key": "content-type",
							"value": "application/json"
						},
						{
							"key": "content-length",
							"value": "524"
						},
						{
							"key": "access-control-allow-origin",
							"value": "*"
						},
						{
							"key": "vary",
							"value": "origin"
						},
						{
							"key": "vary",
							"value": "access-control-request-method"
						},
						{
							"key": "vary",
							"value": "access-control-request-headers"
						},
						{
							"key": "access-control-expose-headers",
							"value": "*"
						},
						{
							"key": "date",
							"value": "Fri, 30 Dec 2022 11:29:56 GMT"
						}
					],
					"cookie": [],
					"body": "{\n    \"series\": [\n        {\n            \"fromdate\": \"2022-11-16\",\n            \"orderseries_id\": 1,\n            \"salestrip_name\": \"NL BE NOV - DEC 2022\",\n            \"salestrip_year\": 2022,\n            \"series_end\": 38,\n            \"series_no\": \"A  \",\n            \"series_prefix\": \"NL\",\n            \"series_start\": 1,\n            \"todate\": \"2022-12-06\",\n            \"users_empcode\": [\n                \"E01033\"\n            ],\n            \"usershort_names\": [\n                \"Navin\"\n            ]\n        },\n        {\n            \"fromdate\": \"2022-11-16\",\n            \"orderseries_id\": 2,\n            \"salestrip_name\": \"NL BE NOV - DEC 2022\",\n            \"salestrip_year\": 2022,\n            \"series_end\": 3,\n            \"series_no\": \"B  \",\n            \"series_prefix\": \"NLN\",\n            \"series_start\": 1,\n            \"todate\": \"2022-12-06\",\n            \"users_empcode\": [\n                \"E01033\"\n            ],\n            \"usershort_names\": [\n                \"Navin\"\n            ]\n        }\n    ]\n}"
				}
			]
		},
		{
			"name": "create_orderseries",
			"request": {
				"method": "POST",
				"header": [],
				"body": {
					"mode": "raw",
					"raw": "{\r\n  \"todate\": \"2022-12-06\",\r\n  \"fromdate\": \"2022-11-16\",\r\n  \"series_no\": \"C\", \r\n  \"series_end\": 3,\r\n  \"series_start\": 1,\r\n  \"series_prefix\": \"\",\r\n  \"salestrip_name\": \"NL BE NOV - DEC 2022\", \r\n  \"salestrip_year\": 2022,\r\n  \"usershort_names\": [\"Navin\"],\r\n  \"users_empcode\": [\"E01033\"]\r\n}",
					"options": {
						"raw": {
							"language": "json"
						}
					}
				},
				"url": {
					"raw": "{{MASTER_URL}}/api/orderseries/add",
					"host": [
						"{{MASTER_URL}}"
					],
					"path": [
						"api",
						"orderseries",
						"add"
					]
				}
			},
			"response": []
		},
		{
			"name": "get_users",
			"request": {
				"method": "GET",
				"header": [],
				"url": {
					"raw": "{{MASTER_URL}}/api/orderseries/users",
					"host": [
						"{{MASTER_URL}}"
					],
					"path": [
						"api",
						"orderseries",
						"users"
					]
				}
			},
			"response": [
				{
					"name": "New Request",
					"originalRequest": {
						"method": "GET",
						"header": [],
						"url": {
							"raw": "{{MASTER_URL}}/api/orderseries/users",
							"host": [
								"{{MASTER_URL}}"
							],
							"path": [
								"api",
								"orderseries",
								"users"
							]
						}
					},
					"status": "OK",
					"code": 200,
					"_postman_previewlanguage": "json",
					"header": [
						{
							"key": "content-type",
							"value": "application/json"
						},
						{
							"key": "content-length",
							"value": "420"
						},
						{
							"key": "access-control-allow-origin",
							"value": "*"
						},
						{
							"key": "vary",
							"value": "origin"
						},
						{
							"key": "vary",
							"value": "access-control-request-method"
						},
						{
							"key": "vary",
							"value": "access-control-request-headers"
						},
						{
							"key": "access-control-expose-headers",
							"value": "*"
						},
						{
							"key": "date",
							"value": "Fri, 30 Dec 2022 11:34:44 GMT"
						}
					],
					"cookie": [],
					"body": "[\n    {\n        \"empcode\": \"E01033\",\n        \"shortname\": \"Navin          \",\n        \"username\": \"E01033\"\n    },\n    {\n        \"empcode\": \"E01218\",\n        \"shortname\": \"Hunny          \",\n        \"username\": \"E01218\"\n    },\n    {\n        \"empcode\": \"E01693\",\n        \"shortname\": \"Ravi           \",\n        \"username\": \"E01693\"\n    },\n    {\n        \"empcode\": \"E01431\",\n        \"shortname\": \"Bob            \",\n        \"username\": \"Bob\"\n    },\n    {\n        \"empcode\": \"E01783\",\n        \"shortname\": \"TONY           \",\n        \"username\": \"TONY\"\n    },\n    {\n        \"empcode\": \"E01811\",\n        \"shortname\": \"ARMAAN         \",\n        \"username\": \"1811\"\n    }\n]"
				}
			]
		},
		{
			"name": "delete_orderseries",
			"request": {
				"method": "DELETE",
				"header": [],
				"body": {
					"mode": "raw",
					"raw": "",
					"options": {
						"raw": {
							"language": "json"
						}
					}
				},
				"url": {
					"raw": "{{MASTER_URL}}/api/orderseries/delete?orderseries_id=1",
					"host": [
						"{{MASTER_URL}}"
					],
					"path": [
						"api",
						"orderseries",
						"delete"
					],
					"query": [
						{
							"key": "orderseries_id",
							"value": "1"
						}
					]
				}
			},
			"response": [
				{
					"name": "fails_when_order_series_in_use",
					"originalRequest": {
						"method": "DELETE",
						"header": [],
						"body": {
							"mode": "raw",
							"raw": "",
							"options": {
								"raw": {
									"language": "json"
								}
							}
						},
						"url": {
							"raw": "{{MASTER_URL}}/api/orderseries/delete?orderseries_id=1",
							"host": [
								"{{MASTER_URL}}"
							],
							"path": [
								"api",
								"orderseries",
								"delete"
							],
							"query": [
								{
									"key": "orderseries_id",
									"value": "1"
								}
							]
						}
					},
					"status": "Bad Request",
					"code": 400,
					"_postman_previewlanguage": "json",
					"header": [
						{
							"key": "content-type",
							"value": "application/json"
						},
						{
							"key": "content-length",
							"value": "25"
						},
						{
							"key": "access-control-allow-origin",
							"value": "*"
						},
						{
							"key": "vary",
							"value": "origin"
						},
						{
							"key": "vary",
							"value": "access-control-request-method"
						},
						{
							"key": "vary",
							"value": "access-control-request-headers"
						},
						{
							"key": "access-control-expose-headers",
							"value": "*"
						},
						{
							"key": "date",
							"value": "Fri, 30 Dec 2022 11:42:40 GMT"
						}
					],
					"cookie": [],
					"body": "{\n    \"error\": \"cannot delete\"\n}"
				}
			]
		},
		{
			"name": "get_salestrips",
			"request": {
				"method": "GET",
				"header": [],
				"url": {
					"raw": "{{MASTER_URL}}/api/orderseries/salestrips?year=2022",
					"host": [
						"{{MASTER_URL}}"
					],
					"path": [
						"api",
						"orderseries",
						"salestrips"
					],
					"query": [
						{
							"key": "year",
							"value": "2022"
						}
					]
				}
			},
			"response": [
				{
					"name": "get_salestrips",
					"originalRequest": {
						"method": "GET",
						"header": [],
						"url": {
							"raw": "{{MASTER_URL}}/api/orderseries/salestrips?year=2022",
							"host": [
								"{{MASTER_URL}}"
							],
							"path": [
								"api",
								"orderseries",
								"salestrips"
							],
							"query": [
								{
									"key": "year",
									"value": "2022"
								}
							]
						}
					},
					"status": "OK",
					"code": 200,
					"_postman_previewlanguage": "json",
					"header": [
						{
							"key": "content-type",
							"value": "application/json"
						},
						{
							"key": "content-length",
							"value": "3318"
						},
						{
							"key": "access-control-allow-origin",
							"value": "*"
						},
						{
							"key": "vary",
							"value": "origin"
						},
						{
							"key": "vary",
							"value": "access-control-request-method"
						},
						{
							"key": "vary",
							"value": "access-control-request-headers"
						},
						{
							"key": "access-control-expose-headers",
							"value": "*"
						},
						{
							"key": "date",
							"value": "Fri, 30 Dec 2022 11:46:28 GMT"
						}
					],
					"cookie": [],
					"body": "[\n    {\n        \"salestrip_fromdate\": \"2022-12-01\",\n        \"salestrip_name\": \"Reseller December 2022\",\n        \"salestrip_todate\": \"2022-12-31\",\n        \"year\": 2022\n    },\n    {\n        \"salestrip_fromdate\": \"2022-11-24\",\n        \"salestrip_name\": \"Canada Nov 2022\",\n        \"salestrip_todate\": \"2022-11-28\",\n        \"year\": 2022\n    },\n    {\n        \"salestrip_fromdate\": \"2022-11-16\",\n        \"salestrip_name\": \"NL BE NOV - DEC 2022\",\n        \"salestrip_todate\": \"2022-12-06\",\n        \"year\": 2022\n    },\n    {\n        \"salestrip_fromdate\": \"2022-11-04\",\n        \"salestrip_name\": \"Aus Nov 2022\",\n        \"salestrip_todate\": \"2022-11-14\",\n        \"year\": 2022\n    },\n    {\n        \"salestrip_fromdate\": \"2022-11-01\",\n        \"salestrip_name\": \"Reseller November 2022\",\n        \"salestrip_todate\": \"2022-11-30\",\n        \"year\": 2022\n    },\n    {\n        \"salestrip_fromdate\": \"2022-10-01\",\n        \"salestrip_name\": \"Reseller October 2022\",\n        \"salestrip_todate\": \"2022-10-31\",\n        \"year\": 2022\n    },\n    {\n        \"salestrip_fromdate\": \"2022-09-23\",\n        \"salestrip_name\": \"Fan X September 2022\",\n        \"salestrip_todate\": \"2022-09-24\",\n        \"year\": 2022\n    },\n    {\n        \"salestrip_fromdate\": \"2022-09-01\",\n        \"salestrip_name\": \"Reseller September 2022\",\n        \"salestrip_todate\": \"2022-09-30\",\n        \"year\": 2022\n    },\n    {\n        \"salestrip_fromdate\": \"2022-08-01\",\n        \"salestrip_name\": \"USA AUG-DEC 2022\",\n        \"salestrip_todate\": \"2022-12-31\",\n        \"year\": 2022\n    },\n    {\n        \"salestrip_fromdate\": \"2022-08-01\",\n        \"salestrip_name\": \"Reseller August 2022\",\n        \"salestrip_todate\": \"2022-08-31\",\n        \"year\": 2022\n    },\n    {\n        \"salestrip_fromdate\": \"2022-07-19\",\n        \"salestrip_name\": \"USA July 19-25 2022\",\n        \"salestrip_todate\": \"2022-07-25\",\n        \"year\": 2022\n    },\n    {\n        \"salestrip_fromdate\": \"2022-07-01\",\n        \"salestrip_name\": \"Reseller July 2022\",\n        \"salestrip_todate\": \"2022-07-30\",\n        \"year\": 2022\n    },\n    {\n        \"salestrip_fromdate\": \"2022-06-20\",\n        \"salestrip_name\": \"Australia June 2022\",\n        \"salestrip_todate\": \"2022-06-30\",\n        \"year\": 2022\n    },\n    {\n        \"salestrip_fromdate\": \"2022-06-02\",\n        \"salestrip_name\": \"Canada June 2022\",\n        \"salestrip_todate\": \"2022-06-30\",\n        \"year\": 2022\n    },\n    {\n        \"salestrip_fromdate\": \"2022-06-01\",\n        \"salestrip_name\": \"Reseller June 2022\",\n        \"salestrip_todate\": \"2022-06-30\",\n        \"year\": 2022\n    },\n    {\n        \"salestrip_fromdate\": \"2022-05-24\",\n        \"salestrip_name\": \"NLBE MAY-JUNE 2022\",\n        \"salestrip_todate\": \"2022-06-15\",\n        \"year\": 2022\n    },\n    {\n        \"salestrip_fromdate\": \"2022-05-01\",\n        \"salestrip_name\": \"Reseller May 2022\",\n        \"salestrip_todate\": \"2022-05-31\",\n        \"year\": 2022\n    },\n    {\n        \"salestrip_fromdate\": \"2022-04-01\",\n        \"salestrip_name\": \"Reseller April 2022\",\n        \"salestrip_todate\": \"2022-04-30\",\n        \"year\": 2022\n    },\n    {\n        \"salestrip_fromdate\": \"2022-03-01\",\n        \"salestrip_name\": \"Reseller March 2022\",\n        \"salestrip_todate\": \"2022-03-31\",\n        \"year\": 2022\n    },\n    {\n        \"salestrip_fromdate\": \"2022-02-24\",\n        \"salestrip_name\": \"USA Feb to June 2022\",\n        \"salestrip_todate\": \"2022-06-30\",\n        \"year\": 2022\n    },\n    {\n        \"salestrip_fromdate\": \"2022-02-08\",\n        \"salestrip_name\": \"DE-AT-SWISS-DK & NO FEB-MAR 2022\",\n        \"salestrip_todate\": \"2022-03-15\",\n        \"year\": 2022\n    },\n    {\n        \"salestrip_fromdate\": \"2022-01-21\",\n        \"salestrip_name\": \"Reseller February 2022\",\n        \"salestrip_todate\": \"2022-02-17\",\n        \"year\": 2022\n    },\n    {\n        \"salestrip_fromdate\": \"2022-01-01\",\n        \"salestrip_name\": \"MAIL ORDER 2022\",\n        \"salestrip_todate\": \"2022-12-31\",\n        \"year\": 2022\n    },\n    {\n        \"salestrip_fromdate\": \"2022-01-01\",\n        \"salestrip_name\": \"Reseller January 2022\",\n        \"salestrip_todate\": \"2022-01-31\",\n        \"year\": 2022\n    },\n    {\n        \"salestrip_fromdate\": \"2022-01-01\",\n        \"salestrip_name\": \"REMAKE 2022\",\n        \"salestrip_todate\": \"2022-12-31\",\n        \"year\": 2022\n    },\n    {\n        \"salestrip_fromdate\": \"2022-01-01\",\n        \"salestrip_name\": \"SO ORDER 2022\",\n        \"salestrip_todate\": \"2022-12-31\",\n        \"year\": 2022\n    },\n    {\n        \"salestrip_fromdate\": \"2022-01-01\",\n        \"salestrip_name\": \"Alterations 2022\",\n        \"salestrip_todate\": \"2022-12-31\",\n        \"year\": 2022\n    },\n    {\n        \"salestrip_fromdate\": \"2022-01-01\",\n        \"salestrip_name\": \"VG ORDER 2022\",\n        \"salestrip_todate\": \"2022-12-31\",\n        \"year\": 2022\n    }\n]"
				}
			]
		},
		{
			"name": "update_series_details",
			"request": {
				"method": "PUT",
				"header": [],
				"body": {
					"mode": "raw",
					"raw": "{\r\n    \"orderseries_id\": 5,\r\n    \"users_empcode\": [\"E01033\"],\r\n    \"usershort_names\": [\r\n                \"Navin\"\r\n            ]\r\n}",
					"options": {
						"raw": {
							"language": "json"
						}
					}
				},
				"url": {
					"raw": "{{MASTER_URL}}/api/orderseries/update",
					"host": [
						"{{MASTER_URL}}"
					],
					"path": [
						"api",
						"orderseries",
						"update"
					]
				}
			},
			"response": [
				{
					"name": "update_series_details",
					"originalRequest": {
						"method": "PUT",
						"header": [],
						"body": {
							"mode": "raw",
							"raw": "{\r\n    \"orderseries_id\": 5,\r\n    \"users_empcode\": [\"E01033\"],\r\n    \"usershort_names\": [\r\n                \"Navin\"\r\n            ]\r\n}",
							"options": {
								"raw": {
									"language": "json"
								}
							}
						},
						"url": {
							"raw": "{{MASTER_URL}}/api/orderseries/update",
							"host": [
								"{{MASTER_URL}}"
							],
							"path": [
								"api",
								"orderseries",
								"update"
							]
						}
					},
					"status": "OK",
					"code": 200,
					"_postman_previewlanguage": "json",
					"header": [
						{
							"key": "content-type",
							"value": "application/json"
						},
						{
							"key": "content-length",
							"value": "30"
						},
						{
							"key": "access-control-allow-origin",
							"value": "*"
						},
						{
							"key": "vary",
							"value": "origin"
						},
						{
							"key": "vary",
							"value": "access-control-request-method"
						},
						{
							"key": "vary",
							"value": "access-control-request-headers"
						},
						{
							"key": "access-control-expose-headers",
							"value": "*"
						},
						{
							"key": "date",
							"value": "Tue, 03 Jan 2023 06:15:17 GMT"
						}
					],
					"cookie": [],
					"body": "{\n    \"msg\": \"updated successfully\"\n}"
				}
			]
		}
	],
	"auth": {
		"type": "bearer",
		"bearer": [
			{
				"key": "token",
				"value": "{{authorization}}",
				"type": "string"
			}
		]
	},
	"event": [
		{
			"listen": "prerequest",
			"script": {
				"type": "text/javascript",
				"exec": [
					""
				]
			}
		},
		{
			"listen": "test",
			"script": {
				"type": "text/javascript",
				"exec": [
					""
				]
			}
		}
	]
}